WIFI name,RSSI
WE7C8D4E,-25
Honor 8X,-78

WE7C8D4E,-17
Honor 8X,-75

WE7C8D4E,-19
Honor 8X,-70

WE7C8D4E,-18
Honor 8X,-76

WE7C8D4E,-18
Honor 8X,-75

WE7C8D4E,-17
Honor 8X,-72

WE7C8D4E,-17
Honor 8X,-76

WE7C8D4E,-17
Honor 8X,-70

WE7C8D4E,-17
Honor 8X,-71

WE7C8D4E,-19
Honor 8X,-73

WE7C8D4E,-18
Honor 8X,-74

WE7C8D4E,-18
Honor 8X,-77

WE7C8D4E,-19
Honor 8X,-74

WE7C8D4E,-18
Honor 8X,-72

WE7C8D4E,-18
Honor 8X,-76

WE7C8D4E,-18
Honor 8X,-73

WE7C8D4E,-18
Honor 8X,-72

WE7C8D4E,-20
Honor 8X,-78

WE7C8D4E,-18
Honor 8X,-72

WE7C8D4E,-20
Honor 8X,-85

WE7C8D4E,-19

WE7C8D4E,-18
Honor 8X,-75

WE7C8D4E,-15


WE7C8D4E,-16

WE7C8D4E,-15

WE7C8D4E,-10

WE7C8D4E,-10

WE7C8D4E,-11

WE7C8D4E,-11

WE7C8D4E,-11

WE7C8D4E,-11

WE7C8D4E,-11

WE7C8D4E,-12

WE7C8D4E,-11

WE7C8D4E,-12

WE7C8D4E,-12

WE7C8D4E,-11

WE7C8D4E,-11

WE7C8D4E,-11

WE7C8D4E,-11

WE7C8D4E,-11

WE7C8D4E,-11

WE7C8D4E,-11

WE7C8D4E,-11

WE7C8D4E,-11

WE7C8D4E,-11

WE7C8D4E,-11

WE7C8D4E,-11

WE7C8D4E,-11

WE7C8D4E,-11

WE7C8D4E,-11

WE7C8D4E,-11

WE7C8D4E,-11

WE7C8D4E,-11

WE7C8D4E,-12

WE7C8D4E,-11

WE7C8D4E,-11

WE7C8D4E,-11

WE7C8D4E,-11

WE7C8D4E,-12

WE7C8D4E,-11

WE7C8D4E,-11

WE7C8D4E,-11

WE7C8D4E,-11

WE7C8D4E,-11

WE7C8D4E,-11

WE7C8D4E,-11

WE7C8D4E,-11

WE7C8D4E,-11

WE7C8D4E,-11

WE7C8D4E,-12

WE7C8D4E,-11

WE7C8D4E,-11

WE7C8D4E,-11

WE7C8D4E,-11

WE7C8D4E,-11

WE7C8D4E,-11

WE7C8D4E,-11

WE7C8D4E,-11

WE7C8D4E,-11

WE7C8D4E,-13

WE7C8D4E,-11

WE7C8D4E,-12

WE7C8D4E,-11

WE7C8D4E,-11

WE7C8D4E,-7
WE34C60E,-96

WE7C8D4E,-7
WE34C60E,-93

WE7C8D4E,-6
WE34C60E,-96

WE7C8D4E,-7
WE34C60E,-93

WE7C8D4E,-6
WE34C60E,-93
Orange-reham,-95

WE7C8D4E,-6

WE7C8D4E,-7

WE7C8D4E,-7
WE34C60E,-93

WE7C8D4E,-6
WE34C60E,-95

WE7C8D4E,-6
WE34C60E,-93

WE7C8D4E,-6

WE7C8D4E,-7

WE7C8D4E,-6

WE7C8D4E,-6
WE34C60E,-95

WE7C8D4E,-4
WE34C60E,-93

WE7C8D4E,-6

WE7C8D4E,-6

WE7C8D4E,-7
Adham,-91

WE7C8D4E,-7

WE7C8D4E,-5

WE7C8D4E,-5

WE7C8D4E,-5

WE7C8D4E,-5

WE7C8D4E,-5

WE7C8D4E,-5

WE7C8D4E,-5

WE7C8D4E,-7

WE7C8D4E,-5

WE7C8D4E,-6

WE7C8D4E,-5

WE7C8D4E,-5

WE7C8D4E,-5

WE7C8D4E,-5

WE7C8D4E,-5

WE7C8D4E,-5

WE7C8D4E,-5

WE7C8D4E,-5

WE7C8D4E,-5

WE7C8D4E,-7

WE7C8D4E,-5

WE7C8D4E,-5

WE7C8D4E,-5

WE7C8D4E,-6

WE7C8D4E,-5

WE7C8D4E,-4

WE7C8D4E,-6

WE7C8D4E,-5

WE7C8D4E,-5

WE7C8D4E,-5

WE7C8D4E,-5

WE7C8D4E,-5

WE7C8D4E,-5

WE7C8D4E,-5

WE7C8D4E,-5

WE7C8D4E,-5

WE7C8D4E,-5

WE7C8D4E,-5

WE7C8D4E,-5

WE7C8D4E,-5

WE7C8D4E,-6

WE7C8D4E,-5

WE7C8D4E,-5

WE7C8D4E,-6

WE7C8D4E,-5

WE7C8D4E,-5

WE7C8D4E,-5

WE7C8D4E,-5

WE7C8D4E,-5

WE7C8D4E,-5

WE7C8D4E,-5

WE7C8D4E,-5

WE7C8D4E,-5

WE7C8D4E,-5

WE7C8D4E,-6

WE7C8D4E,-5

WE7C8D4E,-5

WE7C8D4E,-5

WE7C8D4E,-6
WE34C60E,-92

WE7C8D4E,-6
WE34C60E,-91
Adham,-93

WE7C8D4E,-6

WE7C8D4E,-5

WE7C8D4E,-4
WE34C60E,-91

WE7C8D4E,-5
WE34C60E,-94
NHJ,-94

WE7C8D4E,-5
WE34C60E,-93
NHJ,-95

WE7C8D4E,-7
WE34C60E,-95

WE7C8D4E,-6

WE7C8D4E,-6
WE34C60E,-92

WE7C8D4E,-5
WE34C60E,-93

WE7C8D4E,-6

WE7C8D4E,-6
WE34C60E,-91

WE7C8D4E,-5
WE34C60E,-91

WE7C8D4E,-7

WE7C8D4E,-5
Adham,-94
WE34C60E,-95

WE7C8D4E,-7
WE34C60E,-93
Adham,-95

WE7C8D4E,-6
Adham,-92

WE7C8D4E,-5

WE7C8D4E,-6
WE34C60E,-92

WE7C8D4E,-6

WE7C8D4E,-5
WE34C60E,-91

WE7C8D4E,-6
Adham,-93

WE7C8D4E,-6

WE7C8D4E,-6
Adham,-93
WE34C60E,-94

WE7C8D4E,-6

WE7C8D4E,-6
WE34C60E,-94

WE7C8D4E,-6
WE34C60E,-95

WE7C8D4E,-6
WE34C60E,-94

WE7C8D4E,-6
Galaxy S20 Ultra 5G1d91,-94
WE34C60E,-94
Adham,-95

WE7C8D4E,-5
WE34C60E,-92

WE7C8D4E,-7
Galaxy S20 Ultra 5G1d91,-91
WE34C60E,-93

WE7C8D4E,-6
NHJ,-91
WE34C60E,-92
Mansy land,-94
Adham,-94

WE7C8D4E,-7
WE34C60E,-93

WE7C8D4E,-5
WE34C60E,-94

WE7C8D4E,-5
WE34C60E,-96

WE7C8D4E,-6
WE34C60E,-93
Mansy land,-96

WE7C8D4E,-6
WE34C60E,-92

WE7C8D4E,-6
WE34C60E,-94
Adham,-94
NHJ,-94

WE7C8D4E,-6
WE34C60E,-91

WE7C8D4E,-6
WE34C60E,-91

WE7C8D4E,-5

WE7C8D4E,-4
WE34C60E,-88

WE7C8D4E,-2
WE34C60E,-92

WE7C8D4E,-3
WE34C60E,-93

WE7C8D4E,-5
WE34C60E,-89
Adham,-92

WE7C8D4E,-8

